網址,內容,標題,網址 https://isvincent.github.io/,內容  https://github.com/isvincent/
閱讀心得,114read1,閱讀心得,https://isvincent.github.io/114read1,https://github.com/isvincent/114read1
閱讀心得,114read2,閱讀心得,https://isvincent.github.io/114read2,https://github.com/isvincent/114read2
17年蟬,17cicada1,17年蟬,https://isvincent.github.io/17cicada1,https://github.com/isvincent/17cicada1
1895乙未之役模擬器,1895-1,1895乙未之役模擬器,https://isvincent.github.io/1895-1,https://github.com/isvincent/1895-1
2026 FIFA 世界盃,2026FIFA,2026 FIFA 世界盃,https://isvincent.github.io/2026FIFA,https://github.com/isvincent/2026FIFA
2026 FIFA 世界盃,2026FIFA3,2026 FIFA 世界盃,https://isvincent.github.io/2026FIFA3,https://github.com/isvincent/2026FIFA3
2026年度新書展,2026newbook1,2026年度新書展,https://isvincent.github.io/2026newbook1,https://github.com/isvincent/2026newbook1
2026年度新書展,2026newbook2,2026年度新書展,https://isvincent.github.io/2026newbook2,https://github.com/isvincent/2026newbook2
2026年度新書展,2026newbook3,2026年度新書展,https://isvincent.github.io/2026newbook3,https://github.com/isvincent/2026newbook3
2026年度新書展,2026newbook4,2026年度新書展,https://isvincent.github.io/2026newbook4,https://github.com/isvincent/2026newbook4
2026年度新書展,2026newbook5,2026年度新書展,https://isvincent.github.io/2026newbook5,https://github.com/isvincent/2026newbook5
2026年度新書展,2026newbook6,2026年度新書展,https://isvincent.github.io/2026newbook6,https://github.com/isvincent/2026newbook6
2026年度新書展,2026newbook7,2026年度新書展,https://isvincent.github.io/2026newbook7,https://github.com/isvincent/2026newbook7
2026年度新書展,2026newbook8,2026年度新書展,https://isvincent.github.io/2026newbook8,https://github.com/isvincent/2026newbook8
2026年度新書展,2026newbook9,2026年度新書展,https://isvincent.github.io/2026newbook9,https://github.com/isvincent/2026newbook9
3D 魔術方塊互動學習,3d-rubiks-cube1,3D 魔術方塊互動學習,https://isvincent.github.io/3d-rubiks-cube1,https://github.com/isvincent/3d-rubiks-cube1
CubeLab 3D 魔術方塊學習實驗室,3d-rubiks-cube2,CubeLab 3D 魔術方塊學習實驗室,https://isvincent.github.io/3d-rubiks-cube2,https://github.com/isvincent/3d-rubiks-cube2
日本三大合掌村,3village1,日本三大合掌村,https://isvincent.github.io/3village1,https://github.com/isvincent/3village1
日本三大合掌村,3village2,日本三大合掌村,https://isvincent.github.io/3village2,https://github.com/isvincent/3village2
日本三大合掌村,3village3,日本三大合掌村,https://isvincent.github.io/3village3,https://github.com/isvincent/3village3
日本三大合掌村,3village4,日本三大合掌村,https://isvincent.github.io/3village4,https://github.com/isvincent/3village4
日本三大合掌村,3village5,日本三大合掌村,https://isvincent.github.io/3village5,https://github.com/isvincent/3village5
日本三大合掌村,3village6,日本三大合掌村,https://isvincent.github.io/3village6,https://github.com/isvincent/3village6
從 A 到 A+,A2AA,從 A 到 A+,https://isvincent.github.io/A2AA,https://github.com/isvincent/A2AA
AI 英語學習家教,ABCEng,AI 英語學習家教,https://isvincent.github.io/ABCEng,https://github.com/isvincent/ABCEng
AIGC課程,AIGC1,AIGC課程,https://isvincent.github.io/AIGC1,https://github.com/isvincent/AIGC1
AIGC課程,AIGC2,AIGC課程,https://isvincent.github.io/AIGC2,https://github.com/isvincent/AIGC2
AIGC課程,AIGC3,AIGC課程,https://isvincent.github.io/AIGC3,https://github.com/isvincent/AIGC3
AIGC課程,AIGCcourse1,AIGC課程,https://isvincent.github.io/AIGCcourse1,https://github.com/isvincent/AIGCcourse1
AIGC課程,AIGCcourse2,AIGC課程,https://isvincent.github.io/AIGCcourse2,https://github.com/isvincent/AIGCcourse2
AIGC課程,AIGCcourse3,AIGC課程,https://isvincent.github.io/AIGCcourse3,https://github.com/isvincent/AIGCcourse3
AIGC課程,AIGCcourse4,AIGC課程,https://isvincent.github.io/AIGCcourse4,https://github.com/isvincent/AIGCcourse4
AI 簡報工作流｜互動學習網頁,AIPresent,AI 簡報工作流｜互動學習網頁,https://isvincent.github.io/AIPresent,https://github.com/isvincent/AIPresent
原子習慣,atomic-habits,原子習慣,https://isvincent.github.io/atomic-habits,https://github.com/isvincent/atomic-habits
英文單字Bingo遊戲,bingo_eng1,英文單字Bingo遊戲,https://isvincent.github.io/bingo_eng1,https://github.com/isvincent/bingo_eng1
英文單字Bingo遊戲,bingo_eng2,英文單字Bingo遊戲,https://isvincent.github.io/bingo_eng2,https://github.com/isvincent/bingo_eng2
英文單字Bingo遊戲,bingo_eng3,英文單字Bingo遊戲,https://isvincent.github.io/bingo_eng3,https://github.com/isvincent/bingo_eng3
英文單字Bingo遊戲,bingo_eng4,英文單字Bingo遊戲,https://isvincent.github.io/bingo_eng4,https://github.com/isvincent/bingo_eng4
英文單字Bingo遊戲,bingo_eng5,英文單字Bingo遊戲,https://isvincent.github.io/bingo_eng5,https://github.com/isvincent/bingo_eng5
玻璃漸變小黑點,black1,玻璃漸變小黑點,https://isvincent.github.io/black1,https://github.com/isvincent/black1
泡沫排序推盤,bubblesortpuzzle1,泡沫排序推盤,https://isvincent.github.io/bubblesortpuzzle1,https://github.com/isvincent/bubblesortpuzzle1
泡沫排序推盤,bubblesortpuzzle2,泡沫排序推盤,https://isvincent.github.io/bubblesortpuzzle2,https://github.com/isvincent/bubblesortpuzzle2
泡沫排序推盤,bubblesortpuzzle3,泡沫排序推盤,https://isvincent.github.io/bubblesortpuzzle3,https://github.com/isvincent/bubblesortpuzzle3
泡沫排序推盤,bubblesortpuzzle4,泡沫排序推盤,https://isvincent.github.io/bubblesortpuzzle4,https://github.com/isvincent/bubblesortpuzzle4
泡沫排序推盤,bubblesortpuzzle5,泡沫排序推盤,https://isvincent.github.io/bubblesortpuzzle5,https://github.com/isvincent/bubblesortpuzzle5
小論文寫作引註與參考文獻格式互動教材,citation-format,小論文寫作引註與參考文獻格式互動教材,https://isvincent.github.io/citation-format,https://github.com/isvincent/citation-format
小論文寫作比賽引註及參考文獻格式指南,citation-format1,小論文寫作比賽引註及參考文獻格式指南,https://isvincent.github.io/citation-format1,https://github.com/isvincent/citation-format1
小論文寫作比賽引註及參考文獻格式指南,citation-format2,小論文寫作比賽引註及參考文獻格式指南,https://isvincent.github.io/citation-format2,https://github.com/isvincent/citation-format2
小論文寫作比賽引註及參考文獻格式指南,citation-format3,小論文寫作比賽引註及參考文獻格式指南,https://isvincent.github.io/citation-format3,https://github.com/isvincent/citation-format3
小論文寫作比賽引註及參考文獻格式指南,citation-format-guide,小論文寫作比賽引註及參考文獻格式指南,https://isvincent.github.io/citation-format-guide,https://github.com/isvincent/citation-format-guide
硬幣滾動與圓周運動數學探索,coin,硬幣滾動與圓周運動數學探索,https://isvincent.github.io/coin,https://github.com/isvincent/coin
非暴力溝通,communicate1,非暴力溝通,https://isvincent.github.io/communicate1,https://github.com/isvincent/communicate1
被討厭的勇氣,courage1,被討厭的勇氣,https://isvincent.github.io/courage1,https://github.com/isvincent/courage1
被討厭的勇氣,courage2,被討厭的勇氣,https://isvincent.github.io/courage2,https://github.com/isvincent/courage2
被討厭的勇氣,courage3,被討厭的勇氣,https://isvincent.github.io/courage3,https://github.com/isvincent/courage3
DOI 轉 APA,DOI2APA,DOI 轉 APA,https://isvincent.github.io/DOI2APA,https://github.com/isvincent/DOI2APA
DOI 轉 APA,DOI2APA_1,DOI 轉 APA,https://isvincent.github.io/DOI2APA_1,https://github.com/isvincent/DOI2APA_1
DOI 轉 APA,DOI2APA_2,DOI 轉 APA,https://isvincent.github.io/DOI2APA_2,https://github.com/isvincent/DOI2APA_2
DOI 轉 APA,DOI2APA_3,DOI 轉 APA,https://isvincent.github.io/DOI2APA_3,https://github.com/isvincent/DOI2APA_3
芽語探險：24個英文單字任務,eng_game,芽語探險：24個英文單字任務,https://isvincent.github.io/eng_game,https://github.com/isvincent/eng_game
芽芽英語探險隊｜24字彙任務,Eng01,芽芽英語探險隊｜24字彙任務,https://isvincent.github.io/Eng01,https://github.com/isvincent/Eng01
字苗園｜高一英文單字大冒險,Eng02,字苗園｜高一英文單字大冒險,https://isvincent.github.io/Eng02,https://github.com/isvincent/Eng02
芽語探險：24個英文單字任務,Eng03,芽語探險：24個英文單字任務,https://isvincent.github.io/Eng03,https://github.com/isvincent/Eng03
字苗探險｜英文單字花園,Eng04,字苗探險｜英文單字花園,https://isvincent.github.io/Eng04,https://github.com/isvincent/Eng04
芽芽單字探險隊,Eng05,芽芽單字探險隊,https://isvincent.github.io/Eng05,https://github.com/isvincent/Eng05
英文單字學習樂園,engword1,英文單字學習樂園,https://isvincent.github.io/engword1,https://github.com/isvincent/engword1
GitHub互動教學,github1,GitHub互動教學,https://isvincent.github.io/github1,https://github.com/isvincent/github1
每週一書,good-book,每週一書,https://isvincent.github.io/good-book,https://github.com/isvincent/good-book
每週一書,good-book-1,每週一書,https://isvincent.github.io/good-book-1,https://github.com/isvincent/good-book-1
每週一書,good-book-2,每週一書,https://isvincent.github.io/good-book-2,https://github.com/isvincent/good-book-2
每週一書,good-book-3,每週一書,https://isvincent.github.io/good-book-3,https://github.com/isvincent/good-book-3
每週一書,good-book-4,每週一書,https://isvincent.github.io/good-book-4,https://github.com/isvincent/good-book-4
每週一書,good-book-5,每週一書,https://isvincent.github.io/good-book-5,https://github.com/isvincent/good-book-5
Google語音,googlespeech,Google語音,https://isvincent.github.io/googlespeech,https://github.com/isvincent/googlespeech
歷史（二）第1章：國家的統治｜互動教材,history,歷史（二）第1章：國家的統治｜互動教材,https://isvincent.github.io/history,https://github.com/isvincent/history
高中歷史二 第一章：國家的統治,history-2-1,高中歷史二 第一章：國家的統治,https://isvincent.github.io/history-2-1,https://github.com/isvincent/history-2-1
高中歷史（二）第1章：國家的統治｜互動學習網,history-2-2,高中歷史（二）第1章：國家的統治｜互動學習網,https://isvincent.github.io/history-2-2,https://github.com/isvincent/history-2-2
資訊素養2048,info2048-1,資訊素養2048,https://isvincent.github.io/info2048-1,https://github.com/isvincent/info2048-1
資訊素養2048,info2048-2,資訊素養2048,https://isvincent.github.io/info2048-2,https://github.com/isvincent/info2048-2
資訊素養2048,info2048-3,資訊素養2048,https://isvincent.github.io/info2048-3,https://github.com/isvincent/info2048-3
資訊素養2048,info2048-4,資訊素養2048,https://isvincent.github.io/info2048-4,https://github.com/isvincent/info2048-4
資訊素養2048,info2048-5,資訊素養2048,https://isvincent.github.io/info2048-5,https://github.com/isvincent/info2048-5
資訊素養2048,info2048-6,資訊素養2048,https://isvincent.github.io/info2048-6,https://github.com/isvincent/info2048-6
資訊圖表視覺化設計,Infographic_design1,資訊圖表視覺化設計,https://isvincent.github.io/Infographic_design1,https://github.com/isvincent/Infographic_design1
資訊圖表視覺化設計,Infographic_design2,資訊圖表視覺化設計,https://isvincent.github.io/Infographic_design2,https://github.com/isvincent/Infographic_design2
資訊圖表視覺化設計,Infographic_design3,資訊圖表視覺化設計,https://isvincent.github.io/Infographic_design3,https://github.com/isvincent/Infographic_design3
資訊圖表視覺化設計,Infographic_design4,資訊圖表視覺化設計,https://isvincent.github.io/Infographic_design4,https://github.com/isvincent/Infographic_design4
資訊圖表視覺化設計,Infographic_design5,資訊圖表視覺化設計,https://isvincent.github.io/Infographic_design5,https://github.com/isvincent/Infographic_design5
資訊圖表視覺化設計,Infographic_design6,資訊圖表視覺化設計,https://isvincent.github.io/Infographic_design6,https://github.com/isvincent/Infographic_design6
圖書介紹工作流,introbook1,圖書介紹工作流,https://isvincent.github.io/introbook1,https://github.com/isvincent/introbook1
圖書介紹工作流,introbook2,圖書介紹工作流,https://isvincent.github.io/introbook2,https://github.com/isvincent/introbook2
正義：一場思辨之旅,Justice,正義：一場思辨之旅,https://isvincent.github.io/Justice,https://github.com/isvincent/Justice
英語學習網站專案（私人儲存庫）,learnEng,英語學習網站專案（私人儲存庫）,https://isvincent.github.io/learnEng,https://github.com/isvincent/learnEng
圖書館大冒險,lib_adventure1,圖書館大冒險,https://isvincent.github.io/lib_adventure1,https://github.com/isvincent/lib_adventure1
圖書館大冒險,lib_adventure2,圖書館大冒險,https://isvincent.github.io/lib_adventure2,https://github.com/isvincent/lib_adventure2
圖書館大冒險,lib_adventure3,圖書館大冒險,https://isvincent.github.io/lib_adventure3,https://github.com/isvincent/lib_adventure3
圖書館大冒險,lib_adventure4,圖書館大冒險,https://isvincent.github.io/lib_adventure4,https://github.com/isvincent/lib_adventure4
圖書館大冒險,lib_adventure5,圖書館大冒險,https://isvincent.github.io/lib_adventure5,https://github.com/isvincent/lib_adventure5
圖書館大冒險,lib_adventure6,圖書館大冒險,https://isvincent.github.io/lib_adventure6,https://github.com/isvincent/lib_adventure6
高中圖書館 AI 管理與作業服務應用方案,libAI-1,高中圖書館 AI 管理與作業服務應用方案,https://isvincent.github.io/libAI-1,https://github.com/isvincent/libAI-1
高中圖書館 AI 應用管理與服務方案,libAI-2,高中圖書館 AI 應用管理與服務方案,https://isvincent.github.io/libAI-2,https://github.com/isvincent/libAI-2
梅高圖書館｜新生任務,libedu01,梅高圖書館｜新生任務,https://isvincent.github.io/libedu01,https://github.com/isvincent/libedu01
圖書館利用教育互動學習,libedu02,圖書館利用教育互動學習,https://isvincent.github.io/libedu02,https://github.com/isvincent/libedu02
圖書館空間探索與新生利用教育,libexplore,圖書館空間探索與新生利用教育,https://isvincent.github.io/libexplore,https://github.com/isvincent/libexplore
圖書館大探險,libexplore2,圖書館大探險,https://isvincent.github.io/libexplore2,https://github.com/isvincent/libexplore2
梅高圖書館：新生第一日,libexplore3,梅高圖書館：新生第一日,https://isvincent.github.io/libexplore3,https://github.com/isvincent/libexplore3
楊梅高中圖書館｜新生闖關遊戲,libexplore4,楊梅高中圖書館｜新生闖關遊戲,https://isvincent.github.io/libexplore4,https://github.com/isvincent/libexplore4
楊梅高中圖書館｜新生利用教育闖關,libmobile01,楊梅高中圖書館｜新生利用教育闖關,https://isvincent.github.io/libmobile01,https://github.com/isvincent/libmobile01
圖書館利用教育行動闖關,libmobile02,圖書館利用教育行動闖關,https://isvincent.github.io/libmobile02,https://github.com/isvincent/libmobile02
圖書館利用教育闖關,libmobile03,圖書館利用教育闖關,https://isvincent.github.io/libmobile03,https://github.com/isvincent/libmobile03
圖書館館藏資訊儀表板,libtable1,圖書館館藏資訊儀表板,https://isvincent.github.io/libtable1,https://github.com/isvincent/libtable1
圖書館館藏資訊互動儀表板,libtable2,圖書館館藏資訊互動儀表板,https://isvincent.github.io/libtable2,https://github.com/isvincent/libtable2
圖書館館藏儀表板,libtable3,圖書館館藏儀表板,https://isvincent.github.io/libtable3,https://github.com/isvincent/libtable3
圖書館館藏資訊儀表板,libtable4,圖書館館藏資訊儀表板,https://isvincent.github.io/libtable4,https://github.com/isvincent/libtable4
圖書館館藏資訊儀表板,libtable5,圖書館館藏資訊儀表板,https://isvincent.github.io/libtable5,https://github.com/isvincent/libtable5
圖書館館藏資訊儀表板,libtable6,圖書館館藏資訊儀表板,https://isvincent.github.io/libtable6,https://github.com/isvincent/libtable6
圖書館館藏資訊儀表板,libtable7,圖書館館藏資訊儀表板,https://isvincent.github.io/libtable7,https://github.com/isvincent/libtable7
大富翁抽籤,luckynum,大富翁抽籤,https://isvincent.github.io/luckynum,https://github.com/isvincent/luckynum
大富翁抽籤,luckynum10,大富翁抽籤,https://isvincent.github.io/luckynum10,https://github.com/isvincent/luckynum10
大富翁抽籤,luckynum2,大富翁抽籤,https://isvincent.github.io/luckynum2,https://github.com/isvincent/luckynum2
大富翁抽籤,luckynum3,大富翁抽籤,https://isvincent.github.io/luckynum3,https://github.com/isvincent/luckynum3
大富翁抽籤,luckynum4,大富翁抽籤,https://isvincent.github.io/luckynum4,https://github.com/isvincent/luckynum4
大富翁抽籤,luckynum5,大富翁抽籤,https://isvincent.github.io/luckynum5,https://github.com/isvincent/luckynum5
大富翁抽籤,luckynum6,大富翁抽籤,https://isvincent.github.io/luckynum6,https://github.com/isvincent/luckynum6
大富翁抽籤,luckynum7,大富翁抽籤,https://isvincent.github.io/luckynum7,https://github.com/isvincent/luckynum7
大富翁抽籤,luckynum8,大富翁抽籤,https://isvincent.github.io/luckynum8,https://github.com/isvincent/luckynum8
大富翁抽籤,luckynum9,大富翁抽籤,https://isvincent.github.io/luckynum9,https://github.com/isvincent/luckynum9
顯微鏡操作推盤,microscopepuzzle1,顯微鏡操作推盤,https://isvincent.github.io/microscopepuzzle1,https://github.com/isvincent/microscopepuzzle1
顯微鏡操作推盤,microscopepuzzle2,顯微鏡操作推盤,https://isvincent.github.io/microscopepuzzle2,https://github.com/isvincent/microscopepuzzle2
顯微鏡操作推盤,microscopepuzzle3,顯微鏡操作推盤,https://isvincent.github.io/microscopepuzzle3,https://github.com/isvincent/microscopepuzzle3
顯微鏡操作推盤,microscopepuzzle4,顯微鏡操作推盤,https://isvincent.github.io/microscopepuzzle4,https://github.com/isvincent/microscopepuzzle4
顯微鏡操作推盤,microscopepuzzle5,顯微鏡操作推盤,https://isvincent.github.io/microscopepuzzle5,https://github.com/isvincent/microscopepuzzle5
互動式心情溫度計,mood_thermometer,互動式心情溫度計,https://isvincent.github.io/mood_thermometer,https://github.com/isvincent/mood_thermometer
光影選讀｜公播版影片推薦與認證學習網站,movie1,光影選讀｜公播版影片推薦與認證學習網站,https://isvincent.github.io/movie1,https://github.com/isvincent/movie1
114年度公播影片推薦專區,movie114-1,114年度公播影片推薦專區,https://isvincent.github.io/movie114-1,https://github.com/isvincent/movie114-1
公播影片學習站,movie114-2,公播影片學習站,https://isvincent.github.io/movie114-2,https://github.com/isvincent/movie114-2
光影閱讀所,movie114-3,光影閱讀所,https://isvincent.github.io/movie114-3,https://github.com/isvincent/movie114-3
校園公播影片推薦專區,movie114-4,校園公播影片推薦專區,https://isvincent.github.io/movie114-4,https://github.com/isvincent/movie114-4
115年公播版影片推薦與學習網站,movie2,115年公播版影片推薦與學習網站,https://isvincent.github.io/movie2,https://github.com/isvincent/movie2
115年公播版影片推薦網｜楊梅高中圖書館,movie3,115年公播版影片推薦網｜楊梅高中圖書館,https://isvincent.github.io/movie3,https://github.com/isvincent/movie3
光影閱讀祭｜115年公播版影片推薦網,movie4,光影閱讀祭｜115年公播版影片推薦網,https://isvincent.github.io/movie4,https://github.com/isvincent/movie4
公播版影片推薦網站,movie5,公播版影片推薦網站,https://isvincent.github.io/movie5,https://github.com/isvincent/movie5
微軟語音,msspeech,微軟語音,https://isvincent.github.io/msspeech,https://github.com/isvincent/msspeech
抄錄編目,ncl-m7-catalog-system,抄錄編目,https://isvincent.github.io/ncl-m7-catalog-system,https://github.com/isvincent/ncl-m7-catalog-system
周邊商店搜尋器,nearby-store-finder,周邊商店搜尋器,https://isvincent.github.io/nearby-store-finder,https://github.com/isvincent/nearby-store-finder
新生利用教育,newlib1,新生利用教育,https://isvincent.github.io/newlib1,https://github.com/isvincent/newlib1
新生利用教育,newlib2,新生利用教育,https://isvincent.github.io/newlib2,https://github.com/isvincent/newlib2
新生利用教育,newlib3,新生利用教育,https://isvincent.github.io/newlib3,https://github.com/isvincent/newlib3
新生利用教育,newlib4,新生利用教育,https://isvincent.github.io/newlib4,https://github.com/isvincent/newlib4
讀報寫心得活動｜新聞閱讀與 AI 回饋,news,讀報寫心得活動｜新聞閱讀與 AI 回饋,https://isvincent.github.io/news,https://github.com/isvincent/news
乙未戰爭：1895 島嶼記憶探索,one1,乙未戰爭：1895 島嶼記憶探索,https://isvincent.github.io/one1,https://github.com/isvincent/one1
乙未戰爭大冒險｜1895 臺灣,one2,乙未戰爭大冒險｜1895 臺灣,https://isvincent.github.io/one2,https://github.com/isvincent/one2
乙未戰爭探索任務｜1895 臺灣人民的抵抗與選擇,one3,乙未戰爭探索任務｜1895 臺灣人民的抵抗與選擇,https://isvincent.github.io/one3,https://github.com/isvincent/one3
所有權與物權特性互動學習,ownership1,所有權與物權特性互動學習,https://isvincent.github.io/ownership1,https://github.com/isvincent/ownership1
所有權的物權特性｜互動學習,ownership2,所有權的物權特性｜互動學習,https://isvincent.github.io/ownership2,https://github.com/isvincent/ownership2
悖論互動教學,paradox1,悖論互動教學,https://isvincent.github.io/paradox1,https://github.com/isvincent/paradox1
悖論互動教學,paradox2,悖論互動教學,https://isvincent.github.io/paradox2,https://github.com/isvincent/paradox2
悖論互動教學,paradox3,悖論互動教學,https://isvincent.github.io/paradox3,https://github.com/isvincent/paradox3
悖論互動教學,paradox4,悖論互動教學,https://isvincent.github.io/paradox4,https://github.com/isvincent/paradox4
悖論互動教學,paradox5,悖論互動教學,https://isvincent.github.io/paradox5,https://github.com/isvincent/paradox5
悖論互動教學,paradox6,悖論互動教學,https://isvincent.github.io/paradox6,https://github.com/isvincent/paradox6
悖論互動教學,paradox7,悖論互動教學,https://isvincent.github.io/paradox7,https://github.com/isvincent/paradox7
PechaKucha Interactive Lesson｜互動教學,pecha-kucha,PechaKucha Interactive Lesson｜互動教學,https://isvincent.github.io/pecha-kucha,https://github.com/isvincent/pecha-kucha
PechaKucha教學網,PechaKucha1,PechaKucha教學網,https://isvincent.github.io/PechaKucha1,https://github.com/isvincent/PechaKucha1
PechaKucha教學網,PechaKucha2,PechaKucha教學網,https://isvincent.github.io/PechaKucha2,https://github.com/isvincent/PechaKucha2
PechaKucha教學網,PechaKucha3,PechaKucha教學網,https://isvincent.github.io/PechaKucha3,https://github.com/isvincent/PechaKucha3
旅行照片會說話,PHOTO1,旅行照片會說話,https://isvincent.github.io/PHOTO1,https://github.com/isvincent/PHOTO1
旅行照片會說話,PHOTO2,旅行照片會說話,https://isvincent.github.io/PHOTO2,https://github.com/isvincent/PHOTO2
旅行照片會說話,PHOTO3,旅行照片會說話,https://isvincent.github.io/PHOTO3,https://github.com/isvincent/PHOTO3
旅行照片會說話,PHOTO4,旅行照片會說話,https://isvincent.github.io/PHOTO4,https://github.com/isvincent/PHOTO4
PISA2025,PISA2025-1,PISA2025,https://isvincent.github.io/PISA2025-1,https://github.com/isvincent/PISA2025-1
PISA2025,PISA2025-2,PISA2025,https://isvincent.github.io/PISA2025-2,https://github.com/isvincent/PISA2025-2
PISA2025,PISA2025-3,PISA2025,https://isvincent.github.io/PISA2025-3,https://github.com/isvincent/PISA2025-3
PISA2025,PISA2025-4,PISA2025,https://isvincent.github.io/PISA2025-4,https://github.com/isvincent/PISA2025-4
PISA2025,PISA2025-5,PISA2025,https://isvincent.github.io/PISA2025-5,https://github.com/isvincent/PISA2025-5
影片播放器,playlist,影片播放器,https://isvincent.github.io/playlist,https://github.com/isvincent/playlist
影片播放器,playlist2,影片播放器,https://isvincent.github.io/playlist2,https://github.com/isvincent/playlist2
影片播放器,playlist3,影片播放器,https://isvincent.github.io/playlist3,https://github.com/isvincent/playlist3
學生教學番茄鐘,pomodoro_student1,學生教學番茄鐘,https://isvincent.github.io/pomodoro_student1,https://github.com/isvincent/pomodoro_student1
學生教學番茄鐘,pomodoro_student2,學生教學番茄鐘,https://isvincent.github.io/pomodoro_student2,https://github.com/isvincent/pomodoro_student2
學生教學番茄鐘,pomodoro_student3,學生教學番茄鐘,https://isvincent.github.io/pomodoro_student3,https://github.com/isvincent/pomodoro_student3
學生教學番茄鐘,pomodoro_student4,學生教學番茄鐘,https://isvincent.github.io/pomodoro_student4,https://github.com/isvincent/pomodoro_student4
學生教學番茄鐘,pomodoro_student5,學生教學番茄鐘,https://isvincent.github.io/pomodoro_student5,https://github.com/isvincent/pomodoro_student5
教師教學番茄鐘,pomodoro_taecher1,教師教學番茄鐘,https://isvincent.github.io/pomodoro_taecher1,https://github.com/isvincent/pomodoro_taecher1
教師教學番茄鐘,pomodoro_taecher2,教師教學番茄鐘,https://isvincent.github.io/pomodoro_taecher2,https://github.com/isvincent/pomodoro_taecher2
教師教學番茄鐘,pomodoro_taecher3,教師教學番茄鐘,https://isvincent.github.io/pomodoro_taecher3,https://github.com/isvincent/pomodoro_taecher3
教師教學番茄鐘,pomodoro_taecher4,教師教學番茄鐘,https://isvincent.github.io/pomodoro_taecher4,https://github.com/isvincent/pomodoro_taecher4
教師教學番茄鐘,pomodoro_taecher5,教師教學番茄鐘,https://isvincent.github.io/pomodoro_taecher5,https://github.com/isvincent/pomodoro_taecher5
歷史如果重來模擬器,re_history,歷史如果重來模擬器,https://isvincent.github.io/re_history,https://github.com/isvincent/re_history
歷史如果重來模擬器,re_history2,歷史如果重來模擬器,https://isvincent.github.io/re_history2,https://github.com/isvincent/re_history2
閱讀心得寫作比賽,readbook1,閱讀心得寫作比賽,https://isvincent.github.io/readbook1,https://github.com/isvincent/readbook1
閱讀心得寫作比賽,readbook2,閱讀心得寫作比賽,https://isvincent.github.io/readbook2,https://github.com/isvincent/readbook2
閱讀心得寫作比賽,readbook3,閱讀心得寫作比賽,https://isvincent.github.io/readbook3,https://github.com/isvincent/readbook3
閱讀心得寫作比賽,readbook4,閱讀心得寫作比賽,https://isvincent.github.io/readbook4,https://github.com/isvincent/readbook4
閱讀心得寫作比賽,readbook5,閱讀心得寫作比賽,https://isvincent.github.io/readbook5,https://github.com/isvincent/readbook5
媒體識讀,readcheck1,媒體識讀,https://isvincent.github.io/readcheck1,https://github.com/isvincent/readcheck1
媒體識讀,readcheck2,媒體識讀,https://isvincent.github.io/readcheck2,https://github.com/isvincent/readcheck2
閱讀電子鐘,read-clock-1,閱讀電子鐘,https://isvincent.github.io/read-clock-1,https://github.com/isvincent/read-clock-1
閱讀指導互動學習網站,reading-guide1,閱讀指導互動學習網站,https://isvincent.github.io/reading-guide1,https://github.com/isvincent/reading-guide1
互動式電阻色碼計算器,resistance,互動式電阻色碼計算器,https://isvincent.github.io/resistance,https://github.com/isvincent/resistance
學生自主學習,self-directed1,學生自主學習,https://isvincent.github.io/self-directed1,https://github.com/isvincent/self-directed1
學生自主學習,self-directed2,學生自主學習,https://isvincent.github.io/self-directed2,https://github.com/isvincent/self-directed2
學生自主學習,self-directed3,學生自主學習,https://isvincent.github.io/self-directed3,https://github.com/isvincent/self-directed3
學生自主學習,self-directed4,學生自主學習,https://isvincent.github.io/self-directed4,https://github.com/isvincent/self-directed4
學生自主學習,self-directed5,學生自主學習,https://isvincent.github.io/self-directed5,https://github.com/isvincent/self-directed5
學生自主學習,self-directed6,學生自主學習,https://isvincent.github.io/self-directed6,https://github.com/isvincent/self-directed6
小論文研究步驟推盤,studypuzzle1,小論文研究步驟推盤,https://isvincent.github.io/studypuzzle1,https://github.com/isvincent/studypuzzle1
小論文研究步驟推盤,studypuzzle2,小論文研究步驟推盤,https://isvincent.github.io/studypuzzle2,https://github.com/isvincent/studypuzzle2
小論文研究步驟推盤,studypuzzle3,小論文研究步驟推盤,https://isvincent.github.io/studypuzzle3,https://github.com/isvincent/studypuzzle3
小論文研究步驟推盤,studypuzzle4,小論文研究步驟推盤,https://isvincent.github.io/studypuzzle4,https://github.com/isvincent/studypuzzle4
小論文研究步驟推盤,studypuzzle5,小論文研究步驟推盤,https://isvincent.github.io/studypuzzle5,https://github.com/isvincent/studypuzzle5
小論文研究步驟推盤,studypuzzle6,小論文研究步驟推盤,https://isvincent.github.io/studypuzzle6,https://github.com/isvincent/studypuzzle6
桃園市立楊梅高級中學語音電話分機查詢平台,telTable,桃園市立楊梅高級中學語音電話分機查詢平台,https://isvincent.github.io/telTable,https://github.com/isvincent/telTable
思考，快與慢,think1,思考，快與慢,https://isvincent.github.io/think1,https://github.com/isvincent/think1
思考，快與慢,think3,思考，快與慢,https://isvincent.github.io/think3,https://github.com/isvincent/think3
三十六計,thirty-six1,三十六計,https://isvincent.github.io/thirty-six1,https://github.com/isvincent/thirty-six1
三十六計,thirty-six2,三十六計,https://isvincent.github.io/thirty-six2,https://github.com/isvincent/thirty-six2
三十六計,thirty-six3,三十六計,https://isvincent.github.io/thirty-six3,https://github.com/isvincent/thirty-six3
三十六計,thirty-six4,三十六計,https://isvincent.github.io/thirty-six4,https://github.com/isvincent/thirty-six4
微課程課表,tinycourse1,微課程課表,https://isvincent.github.io/tinycourse1,https://github.com/isvincent/tinycourse1
微課程課表,tinycourse2,微課程課表,https://isvincent.github.io/tinycourse2,https://github.com/isvincent/tinycourse2
微課程課表,tinycourse3,微課程課表,https://isvincent.github.io/tinycourse3,https://github.com/isvincent/tinycourse3
日本東北五日遊,travel202601,日本東北五日遊,https://isvincent.github.io/travel202601,https://github.com/isvincent/travel202601
日本東北五日遊,travel202602,日本東北五日遊,https://isvincent.github.io/travel202602,https://github.com/isvincent/travel202602
日本東北五日遊,travel202603,日本東北五日遊,https://isvincent.github.io/travel202603,https://github.com/isvincent/travel202603
日本東北五日遊,travel202604,日本東北五日遊,https://isvincent.github.io/travel202604,https://github.com/isvincent/travel202604
日本東北五日遊,travel202605,日本東北五日遊,https://isvincent.github.io/travel202605,https://github.com/isvincent/travel202605
日本東北五日遊,travel202606,日本東北五日遊,https://isvincent.github.io/travel202606,https://github.com/isvincent/travel202606
日本東北五日遊,travel202607,日本東北五日遊,https://isvincent.github.io/travel202607,https://github.com/isvincent/travel202607
日本東北五日遊,travel202608,日本東北五日遊,https://isvincent.github.io/travel202608,https://github.com/isvincent/travel202608
日本東北五日遊,travel202609,日本東北五日遊,https://isvincent.github.io/travel202609,https://github.com/isvincent/travel202609
宇宙尺度2048,universe-1,宇宙尺度2048,https://isvincent.github.io/universe-1,https://github.com/isvincent/universe-1
宇宙尺度2048,universe-2,宇宙尺度2048,https://isvincent.github.io/universe-2,https://github.com/isvincent/universe-2
宇宙尺度2048,universe-3,宇宙尺度2048,https://isvincent.github.io/universe-3,https://github.com/isvincent/universe-3
宇宙尺度2048,universe-4,宇宙尺度2048,https://isvincent.github.io/universe-4,https://github.com/isvincent/universe-4
宇宙尺度2048,universe-5,宇宙尺度2048,https://isvincent.github.io/universe-5,https://github.com/isvincent/universe-5
宇宙尺度2048,universe-6,宇宙尺度2048,https://isvincent.github.io/universe-6,https://github.com/isvincent/universe-6
虛擬田野調查(大稻埕迪化街),virtual-field-survey1,虛擬田野調查(大稻埕迪化街),https://isvincent.github.io/virtual-field-survey1,https://github.com/isvincent/virtual-field-survey1
虛擬田野調查(桃園埤塘),virtual-field-survey2,虛擬田野調查(桃園埤塘),https://isvincent.github.io/virtual-field-survey2,https://github.com/isvincent/virtual-field-survey2
虛擬田野調查(九份金瓜石田),virtual-field-survey3,虛擬田野調查(九份金瓜石田),https://isvincent.github.io/virtual-field-survey3,https://github.com/isvincent/virtual-field-survey3
虛擬田野調查(從台江內海到安平港),virtual-field-survey4,虛擬田野調查(從台江內海到安平港),https://isvincent.github.io/virtual-field-survey4,https://github.com/isvincent/virtual-field-survey4
虛擬田野調查(花東縱谷板塊與農業),virtual-field-survey5,虛擬田野調查(花東縱谷板塊與農業),https://isvincent.github.io/virtual-field-survey5,https://github.com/isvincent/virtual-field-survey5
虛擬田野調查(淡水),virtual-field-survey6,虛擬田野調查(淡水),https://isvincent.github.io/virtual-field-survey6,https://github.com/isvincent/virtual-field-survey6
虛擬田野調查(三義勝興舊山線鐵路),virtual-field-survey7,虛擬田野調查(三義勝興舊山線鐵路),https://isvincent.github.io/virtual-field-survey7,https://github.com/isvincent/virtual-field-survey7
虛擬田野調查(赤崁樓、武廟、孔廟、延平郡王祠等),virtual-field-survey8,虛擬田野調查(赤崁樓、武廟、孔廟、延平郡王祠等),https://isvincent.github.io/virtual-field-survey8,https://github.com/isvincent/virtual-field-survey8
視覺化設計,visualize1,視覺化設計,https://isvincent.github.io/visualize1,https://github.com/isvincent/visualize1
視覺化設計,visualize2,視覺化設計,https://isvincent.github.io/visualize2,https://github.com/isvincent/visualize2
視覺化設計,visualize3,視覺化設計,https://isvincent.github.io/visualize3,https://github.com/isvincent/visualize3
視覺化設計,visualize4,視覺化設計,https://isvincent.github.io/visualize4,https://github.com/isvincent/visualize4
視覺化設計,visualize5,視覺化設計,https://isvincent.github.io/isvincent-visualize5,https://github.com/isvincent/visualize5
視覺化設計,visualize6,視覺化設計,https://isvincent.github.io/visualize6,https://github.com/isvincent/visualize6
視覺化設計,visualize7,視覺化設計,https://isvincent.github.io/visualize7,https://github.com/isvincent/visualize7
視覺化設計課程,visualizedesign1,視覺化設計課程,https://isvincent.github.io/visualizedesign1,https://github.com/isvincent/visualizedesign1
視覺化設計課程,visualizedesign2,視覺化設計課程,https://isvincent.github.io/visualizedesign2,https://github.com/isvincent/visualizedesign2
視覺化設計課程,visualizedesign3,視覺化設計課程,https://isvincent.github.io/visualizedesign3,https://github.com/isvincent/visualizedesign3
視覺化設計課程,visualizedesign4,視覺化設計課程,https://isvincent.github.io/visualizedesign4,https://github.com/isvincent/visualizedesign4
視覺化設計課程,visualizedesign5,視覺化設計課程,https://isvincent.github.io/visualizedesign5,https://github.com/isvincent/visualizedesign5
視覺化設計課程,visualizedesign6,視覺化設計課程,https://isvincent.github.io/visualizedesign6,https://github.com/isvincent/visualizedesign6
視覺化設計課程,visualizedesign7,視覺化設計課程,https://isvincent.github.io/visualizedesign7,https://github.com/isvincent/visualizedesign7
視覺化設計課程,visualizedesign8,視覺化設計課程,https://isvincent.github.io/visualizedesign8,https://github.com/isvincent/visualizedesign8
節拍器與倒數計時器網頁應用,web1,節拍器與倒數計時器網頁應用,https://isvincent.github.io/web1,https://github.com/isvincent/web1
贏字的智慧：成功要素資訊圖表,win,贏字的智慧：成功要素資訊圖表,https://isvincent.github.io/win,https://github.com/isvincent/win
WordQuest Campus｜高中英文單字探索遊戲,word1,WordQuest Campus｜高中英文單字探索遊戲,https://isvincent.github.io/word1,https://github.com/isvincent/word1
單字小鎮｜古蹟守護任務,word2,單字小鎮｜古蹟守護任務,https://isvincent.github.io/word2,https://github.com/isvincent/word2
單字探險島｜英文單字學習遊戲,word3,單字探險島｜英文單字學習遊戲,https://isvincent.github.io/word3,https://github.com/isvincent/word3
Word Quest Town｜高中英文單字冒險,word4,Word Quest Town｜高中英文單字冒險,https://isvincent.github.io/word4,https://github.com/isvincent/word4
單字小鎮 Vocab Town｜高中英文單字探索遊戲,word5,單字小鎮 Vocab Town｜高中英文單字探索遊戲,https://isvincent.github.io/word5,https://github.com/isvincent/word5
Word Quest Town｜高中英文單字任務城,word6,Word Quest Town｜高中英文單字任務城,https://isvincent.github.io/word6,https://github.com/isvincent/word6
單字小鎮 Word Town｜高中英文單字探索遊戲,word7,單字小鎮 Word Town｜高中英文單字探索遊戲,https://isvincent.github.io/word7,https://github.com/isvincent/word7
英文單字認知理解,wordlearning1,英文單字認知理解,https://isvincent.github.io/wordlearning1,https://github.com/isvincent/wordlearning1
英文單字認知理解,wordlearning2,英文單字認知理解,https://isvincent.github.io/wordlearning2,https://github.com/isvincent/wordlearning2
英文單字認知理解,wordlearning3,英文單字認知理解,https://isvincent.github.io/wordlearning3,https://github.com/isvincent/wordlearning3
英文單字認知理解,wordlearning4,英文單字認知理解,https://isvincent.github.io/wordlearning4,https://github.com/isvincent/wordlearning4
英文單字認知理解,wordlearning5,英文單字認知理解,https://isvincent.github.io/wordlearning5,https://github.com/isvincent/wordlearning5
英文字母 × 核心能力,wordpower,英文字母 × 核心能力,https://isvincent.github.io/wordpower,https://github.com/isvincent/wordpower
每週一書,ymhs-weekly-book,每週一書,https://isvincent.github.io/ymhs-weekly-book,https://github.com/isvincent/ymhs-weekly-book
體育班英文遊戲,sport-eng-game-1,體育班英文遊戲,https://isvincent.github.io/sport-eng-game-1,https://github.com/isvincent/sport-eng-game-1
體育班英文遊戲,sport-eng-game-2,體育班英文遊戲,https://isvincent.github.io/sport-eng-game-2,https://github.com/isvincent/sport-eng-game-2
體育班英文遊戲,sport-eng-game-3,體育班英文遊戲,https://isvincent.github.io/sport-eng-game-3,https://github.com/isvincent/sport-eng-game-3
體育班英文遊戲,sport-eng-game-4,體育班英文遊戲,https://isvincent.github.io/sport-eng-game-4,https://github.com/isvincent/sport-eng-game-4
體育班英文遊戲,sport-eng-game-5,體育班英文遊戲,https://isvincent.github.io/sport-eng-game-5,https://github.com/isvincent/sport-eng-game-5
體育班英文遊戲,sport-eng-game-6,體育班英文遊戲,https://isvincent.github.io/sport-eng-game-6,https://github.com/isvincent/sport-eng-game-6
體育班英文遊戲,sport-eng-game-7,體育班英文遊戲,https://isvincent.github.io/sport-eng-game-7,https://github.com/isvincent/sport-eng-game-7
體育班英文遊戲,sport-eng-game-8,體育班英文遊戲,https://isvincent.github.io/sport-eng-game-8,https://github.com/isvincent/sport-eng-game-8
體育班英文遊戲,sport-eng-game-9,體育班英文遊戲,https://isvincent.github.io/sport-eng-game-9,https://github.com/isvincent/sport-eng-game-9
體育班英文遊戲,sport-eng-game-10,體育班英文遊戲,https://isvincent.github.io/sport-eng-game-10,https://github.com/isvincent/sport-eng-game-10
體育班英文遊戲,sport-eng-game-11,體育班英文遊戲,https://isvincent.github.io/sport-eng-game-11,https://github.com/isvincent/sport-eng-game-11
體育班英文遊戲,sport-eng-game-12,體育班英文遊戲,https://isvincent.github.io/sport-eng-game-12,https://github.com/isvincent/sport-eng-game-12
體育班英文遊戲,sport-eng-game-13,體育班英文遊戲,https://isvincent.github.io/sport-eng-game-13,https://github.com/isvincent/sport-eng-game-13
體育班英文遊戲,sport-eng-game-14,體育班英文遊戲,https://isvincent.github.io/sport-eng-game-14,https://github.com/isvincent/sport-eng-game-14
體育班英文遊戲,sport-eng-game-15,體育班英文遊戲,https://isvincent.github.io/sport-eng-game-15,https://github.com/isvincent/sport-eng-game-15
說書人AI互動網,book_AI-1,說書人AI互動網,https://isvincent.github.io/book_AI-1,https://github.com/isvincent/book_AI-1
說書人AI互動網,book_AI-2,說書人AI互動網,https://isvincent.github.io/book_AI-2,https://github.com/isvincent/book_AI-2
說書人AI互動網,book_AI-3,說書人AI互動網,https://isvincent.github.io/book_AI-3,https://github.com/isvincent/book_AI-3
說書人AI互動網,book_AI-4,說書人AI互動網,https://isvincent.github.io/book_AI-4,https://github.com/isvincent/book_AI-4
說書人AI互動網,book_AI-5,說書人AI互動網,https://isvincent.github.io/book_AI-5,https://github.com/isvincent/book_AI-5
交通安全學習網,traffic_safety-1,交通安全學習網,https://isvincent.github.io/traffic_safety-1,https://github.com/isvincent/traffic_safety-1
交通安全學習網,traffic_safety-2,交通安全學習網,https://isvincent.github.io/traffic_safety-2,https://github.com/isvincent/traffic_safety-2
交通安全學習網,traffic_safety-3,交通安全學習網,https://isvincent.github.io/traffic_safety-3,https://github.com/isvincent/traffic_safety-3
交通安全學習網,traffic_safety-4,交通安全學習網,https://isvincent.github.io/traffic_safety-4,https://github.com/isvincent/traffic_safety-4
交通安全學習網,traffic_safety-5,交通安全學習網,https://isvincent.github.io/traffic_safety-5,https://github.com/isvincent/traffic_safety-5
輸入注音符號唸出讀音,inputread-1,輸入注音符號唸出讀音,https://isvincent.github.io/inputread-1,https://github.com/isvincent/inputread-1
輸入注音符號唸出讀音,inputread-2,輸入注音符號唸出讀音,https://isvincent.github.io/inputread-2,https://github.com/isvincent/inputread-2
輸入注音符號唸出讀音,inputread-3,輸入注音符號唸出讀音,https://isvincent.github.io/inputread-3,https://github.com/isvincent/inputread-3
輸入注音符號唸出讀音,inputread-4,輸入注音符號唸出讀音,https://isvincent.github.io/inputread-4,https://github.com/isvincent/inputread-4
輸入注音符號唸出讀音,inputread-5,輸入注音符號唸出讀音,https://isvincent.github.io/inputread-5,https://github.com/isvincent/inputread-5
輸入注音符號唸出讀音,inputread-6,輸入注音符號唸出讀音,https://isvincent.github.io/inputread-6,https://github.com/isvincent/inputread-6
輸入注音符號唸出讀音,inputread-7,輸入注音符號唸出讀音,https://isvincent.github.io/inputread-7,https://github.com/isvincent/inputread-7
SKILL範例,book-storyteller,SKILL範例,https://isvincent.github.io/book-storyteller,https://github.com/isvincent/book-storyteller
高中教師 AI Skills 資源庫範例,skills-1,高中教師 AI Skills 資源庫範例,https://isvincent.github.io/skills-1,https://github.com/isvincent/skills-1
高中教師 AI Skills 資源庫範例,skills-2,高中教師 AI Skills 資源庫範例,https://isvincent.github.io/skills-2,https://github.com/isvincent/skills-2
教學歷程與學習任務,learningtasks,教學歷程與學習任務,https://isvincent.github.io/learningtasks,https://github.com/isvincent/learningtasks
教學歷程與學習任務,learningtasks1,教學歷程與學習任務,https://isvincent.github.io/learningtasks1,https://github.com/isvincent/learningtasks1
教學歷程與學習任務,learningtasks2,教學歷程與學習任務,https://isvincent.github.io/learningtasks2,https://github.com/isvincent/learningtasks2
教學歷程與學習任務,learningtasks3,教學歷程與學習任務,https://isvincent.github.io/learningtasks3,https://github.com/isvincent/learningtasks3
